Description,Brand,Price,Img url,Country
N1 Pommes Frites - 2.5 kg,Unknown,93.95 EGP,https://cdnprod.mafretailproxy.com/sys-master-root/h36/h89/13688604917790/129953_main.jpg_200Wx200H,Egypt
Almarai Beef Burger - 1kg,Almarai,89.95 EGP,https://cdnprod.mafretailproxy.com/sys-master-root/h91/he0/15054964916254/228879_main.jpg_200Wx200H,Egypt
Three Chefs Chicken Strips - 1kg,3 Chefs,233.00 EGP,https://cdnprod.mafretailproxy.com/sys-master-root/h7f/hf6/16764525412382/538091_main.jpg_200Wx200H,Egypt
Three Chefs Spicy Chicken Strips - 1kg,3 Chefs,233.00 EGP,https://cdnprod.mafretailproxy.com/sys-master-root/hf8/hfc/16764525248542/538092_main.jpg_200Wx200H,Egypt
Halwani Bros Beef Burger - 1 Kg - 20 Burgers,Halwani bros,207.15 EGP,https://cdnprod.mafretailproxy.com/sys-master-root/h38/he3/51411619872798/200Wx200H_384425_main.jpg,Egypt
Home Potato Pommes Frites - 2.5 kg,Carrefour,89.95 EGP,https://cdnprod.mafretailproxy.com/sys-master-root/h36/h8e/14623747375134/530004_main.jpg_200Wx200H,Egypt
Three Chefs Chicken Pane - 1 kg,3 Chefs,218.00 EGP,https://cdnprod.mafretailproxy.com/sys-master-root/h0d/h40/16764523708446/538090_main.jpg_200Wx200H,Egypt
Halwani Bros Chicken Strips - 1kg,Halwani bros,263.00 EGP,https://cdnprod.mafretailproxy.com/sys-master-root/h27/h5f/9908975403038/523470_main.jpg_200Wx200H,Egypt
Halwani Bros Beef Burger Jumbo - 2kg,Halwani bros,455.95 EGP,https://cdnprod.mafretailproxy.com/sys-master-root/h22/h25/14623560302622/38028_main.jpg_200Wx200H,Egypt
Halwani Chicken Pane - 1 Kg,Halwani bros,247.90 EGP,https://cdnprod.mafretailproxy.com/sys-master-root/h6a/h34/14773451587614/448245_main.jpg_200Wx200H,Egypt
Three Chefs Chicken Pane Spicy - 1kg,3 Chefs,218.00 EGP,https://cdnprod.mafretailproxy.com/sys-master-root/hff/ha3/16764524593182/175945_main.jpg_200Wx200H,Egypt
Halwani Bros Chicken Strips Spicy - 1kg,Halwani bros,263.00 EGP,https://cdnprod.mafretailproxy.com/sys-master-root/h13/h9e/14773491040286/523471_main.jpg_200Wx200H,Egypt
Halwani Bros Chicken Nuggets - 1kg,Halwani bros,247.90 EGP,https://cdnprod.mafretailproxy.com/sys-master-root/hfe/h28/49612884443166/200Wx200H_523472_main.jpg,Egypt
Basma Frozen Peas - 400 gram,Basma,25.95 EGP,https://cdnprod.mafretailproxy.com/sys-master-root/h7b/h38/14623634259998/11653_main.jpg_200Wx200H,Egypt
Faraza Whole Chicken - 1000-1100 gram,Unknown,145.00 EGP,https://cdnprod.mafretailproxy.com/sys-master-root/h42/hef/45710402977822/200Wx200H_600869_main.jpg,Egypt
AlMarai Beef Kofta - 25 Count,Almarai,165.00 EGP,https://cdnprod.mafretailproxy.com/sys-master-root/hf7/he6/15054964752414/225936_main.jpg_200Wx200H,Egypt
Halwani Bros Chicken Pane Spicy - 1 Kg,Halwani bros,247.90 EGP,https://cdnprod.mafretailproxy.com/sys-master-root/he4/h3a/14773451751454/448246_main.jpg_200Wx200H,Egypt
Basma Frozen Green Okra &quot;Zero&quot; - 400 gram,Basma,26.95 EGP,https://cdnprod.mafretailproxy.com/sys-master-root/h62/h65/14623556927518/11655_main.jpg_200Wx200H,Egypt
Halwany Jumbo Burger -1.5 Kilo,Halwani bros,344.90 EGP,https://cdnprod.mafretailproxy.com/sys-master-root/h8e/h02/28796127150110/581117_main.jpg_200Wx200H,Egypt
Almarai Beef Hot Dog - 900 gram,Almarai,170.00 EGP,https://cdnprod.mafretailproxy.com/sys-master-root/hbc/h94/15054965080094/151836_main.jpg_200Wx200H,Egypt
Nouri Crunchy Chicken Fillet - 1 KG,Unknown,215.00 EGP,https://cdnprod.mafretailproxy.com/sys-master-root/hcf/h3c/45710400946206/200Wx200H_600849_main.jpg,Egypt
Basma Excellent Frozen Green Okra - 400 gram,Basma,13.95 EGP,https://cdnprod.mafretailproxy.com/sys-master-root/hc8/h6b/14623556763678/11656_main.jpg_200Wx200H,Egypt
Three Chefs Beef Burger - 1Kg,3 Chefs,199.55 EGP,https://cdnprod.mafretailproxy.com/sys-master-root/h37/h44/16764523872286/126899_main.jpg_200Wx200H,Egypt
Almarai Beef Frankfurter - 25 Count,Almarai,170.00 EGP,https://cdnprod.mafretailproxy.com/sys-master-root/h71/hed/15054964588574/219266_main.jpg_200Wx200H,Egypt
Basma Green Minced Molokhia with Garlic Mix - 400 gram,Basma,13.25 EGP,https://cdnprod.mafretailproxy.com/sys-master-root/h1b/h31/14623633276958/287546_main.jpg_200Wx200H,Egypt
Nouri Chicken Fillet Spicy - 1 KG,Unknown,215.00 EGP,https://cdnprod.mafretailproxy.com/sys-master-root/hb2/hfb/45710402322462/200Wx200H_600850_main.jpg,Egypt
Three Chefs Oriental Sausage - 900 gram,3 Chefs,190.75 EGP,https://cdnprod.mafretailproxy.com/sys-master-root/h5f/h44/16764528394270/202368_main.jpg_200Wx200H,Egypt
Halwani Minced Meat - 900 gram,Halwani bros,291.95 EGP,https://cdnprod.mafretailproxy.com/sys-master-root/h85/h2c/14773471543326/161358_main.jpg_200Wx200H,Egypt
Shahd Frozen Whole Chicken - 950-1000 gm,Shahd,138.75 EGP,https://cdnprod.mafretailproxy.com/sys-master-root/hb9/h94/12978373492766/226634_main.jpg_200Wx200H,Egypt
Basma Frozen Green Okra Extra - 400 gram,Basma,30.95 EGP,https://cdnprod.mafretailproxy.com/sys-master-root/h7d/h80/14623556141086/11657_main.jpg_200Wx200H,Egypt
Three Chefs Beef Kofta Shish - 900 gram,3 Chefs,210.00 EGP,https://cdnprod.mafretailproxy.com/sys-master-root/he0/h44/27056023371806/572462_main.jpg_200Wx200H,Egypt
Shahd Chicken Strips - 750 gram,Shahd,185.90 EGP,https://cdnprod.mafretailproxy.com/sys-master-root/hc2/h72/50270987255838/200Wx200H_554962_main.jpg,Egypt
Basma Frozen Pre-fried Falafel - 400 gram,Basma,21.45 EGP,https://cdnprod.mafretailproxy.com/sys-master-root/h29/h59/14623561908254/40508_main.jpg_200Wx200H,Egypt
Basma Frozen Mixed Vegetables - 400 gram,Basma,11.45 EGP,https://cdnprod.mafretailproxy.com/sys-master-root/hef/hdf/14623555452958/11661_main.jpg_200Wx200H,Egypt
Givrex Frozen Peas &amp; Carrots - 400 gram,Givrex,24.95 EGP,https://cdnprod.mafretailproxy.com/sys-master-root/h90/he6/14623550767134/12156_main.jpg_200Wx200H,Egypt
Chicketita Chicken Nuggets - 1 kg,Chicketita,109.00 EGP,https://cdnprod.mafretailproxy.com/sys-master-root/h4e/ha6/16377242877982/455422_main.jpg_200Wx200H,Egypt
Basma Frozen Green Beans - 400 gram,Basma,10.95 EGP,https://cdnprod.mafretailproxy.com/sys-master-root/h9e/hfa/14623631212574/11659_main.jpg_200Wx200H,Egypt
Three Chefs Hot Dog - 25 Pieces -1Kg,3 Chefs,226.45 EGP,https://cdnprod.mafretailproxy.com/sys-master-root/h48/h40/16764528230430/542547_main.jpg_200Wx200H,Egypt
Givrex Frozen Small Okra - 400 Gram,Givrex,37.95 EGP,https://cdnprod.mafretailproxy.com/sys-master-root/h45/hfb/14623550144542/12151_main.jpg_200Wx200H,Egypt
Shicketita Chicken Pane - 1kg,Chicketita,129.00 EGP,https://cdnprod.mafretailproxy.com/sys-master-root/hd7/h46/15173287346206/450678_main.jpg_200Wx200H,Egypt
Almarai Beef Burger - 1 kg,Almarai,217.00 EGP,https://cdnprod.mafretailproxy.com/sys-master-root/hb1/h9f/49332903903262/200Wx200H_11544_main.jpg,Egypt
Montana Molokhya - 400 Gram,Montana,10.95 EGP,https://cdnprod.mafretailproxy.com/sys-master-root/h64/h07/14818543304734/12485_main.jpg_200Wx200H,Egypt
Shahd Chicken Filet - 800 gram,Shahd,186.00 EGP,https://cdnprod.mafretailproxy.com/sys-master-root/h89/h1d/50270986862622/200Wx200H_554958_main.jpg,Egypt
Shahd Chicken Strips Spicy - 750 gram,Shahd,185.90 EGP,https://cdnprod.mafretailproxy.com/sys-master-root/hd2/he2/50270988402718/200Wx200H_554963_main.jpg,Egypt
Faraza Whole Chicken - 900-950 gram,Unknown,130.60 EGP,https://cdnprod.mafretailproxy.com/sys-master-root/h0c/hca/45710397472798/200Wx200H_600867_main.jpg,Egypt
Shicketita Spicy Chicken Pane - 1kg,Chicketita,129.00 EGP,https://cdnprod.mafretailproxy.com/sys-master-root/hb1/he7/50054142525470/200Wx200H_534731_main.jpg,Egypt
Shahd Frozen Whole Chicken - 850-900 gm,Shahd,126.50 EGP,https://cdnprod.mafretailproxy.com/sys-master-root/hc2/h96/13120244842526/226632_main.jpg_200Wx200H,Egypt
AlMarai Lebanese Recipe Cheese Sambousak - 8 Pieces,Almarai,57.65 EGP,https://cdnprod.mafretailproxy.com/sys-master-root/hcf/he6/15054969274398/507552_main.jpg_200Wx200H,Egypt
Shahd Spicy Chicken Pane - 1 Kg,Shahd,170.00 EGP,https://cdnprod.mafretailproxy.com/sys-master-root/h10/h17/50270986698782/200Wx200H_558888_main.jpg,Egypt
Chicketita Chicken Pane - 400 gram,Chicketita,60.75 EGP,https://cdnprod.mafretailproxy.com/sys-master-root/ha6/h53/26549678211102/534729_main.jpg_200Wx200H,Egypt
Farm Fresh Peas - 400 Gram,Farm fresh,25.50 EGP,https://cdnprod.mafretailproxy.com/sys-master-root/h92/h0b/34674363400222/310897_main.jpg_200Wx200H,Egypt
Shahd Chicken Nuggets - 1 Kg,Shahd,146.95 EGP,https://cdnprod.mafretailproxy.com/sys-master-root/h78/hf1/50270988894238/200Wx200H_569906_main.jpg,Egypt
Farm Fresh Minced Molokhia - 400 Gram,Farm fresh,10.75 EGP,https://cdnprod.mafretailproxy.com/sys-master-root/h74/h43/34566785531934/310896_main.jpg_200Wx200H,Egypt
Extra Chicken Pane - 1 kg,Extra,100.80 EGP,https://cdnprod.mafretailproxy.com/sys-master-root/hec/hb0/16810247979038/569897_main.jpg_200Wx200H,Egypt
Halwani Bros Crunchy Chicken Nuggets - 400 gram,Halwani bros,103.05 EGP,https://cdnprod.mafretailproxy.com/sys-master-root/hb3/hf7/14773437333534/38057_main.jpg_200Wx200H,Egypt
Basma Frozen Colcasia - 400 gram,Basma,11.45 EGP,https://cdnprod.mafretailproxy.com/sys-master-root/h50/hcf/14623555911710/11666_main.jpg_200Wx200H,Egypt
Home Vegetables Frozen Minced Molokhia - 400 gram,Carrefour,9.95 EGP,https://cdnprod.mafretailproxy.com/sys-master-root/hc8/h16/15085687963678/560727_main.jpg_200Wx200H,Egypt
Faraza Whole Chicken - 1100-1200 gram,Unknown,162.20 EGP,https://cdnprod.mafretailproxy.com/sys-master-root/h31/h86/45710408417310/200Wx200H_600870_main.jpg,Egypt
Nouri Spicy Chicken Crunchy Fillet - 420G,Unknown,97.90 EGP,https://cdnprod.mafretailproxy.com/sys-master-root/h2a/hd6/45710396751902/200Wx200H_600856_main.jpg,Egypt
Chicketita Spicy Chicken Strips - 1 kg,Chicketita,185.00 EGP,https://cdnprod.mafretailproxy.com/sys-master-root/hc8/h29/26549672181790/480001_main.jpg_200Wx200H,Egypt
Givrex Frozen Chopped Green Beans - 400 Gram,Givrex,15.00 EGP,https://cdnprod.mafretailproxy.com/sys-master-root/hde/h8a/14623551324190/12161_main.jpg_200Wx200H,Egypt
Chicketita Spicy Chicken Strips - 400 gram,Chicketita,86.75 EGP,https://cdnprod.mafretailproxy.com/sys-master-root/h14/h7f/26549668151326/534733_main.jpg_200Wx200H,Egypt
Chef Mimo Shredded Cheddar Cheese - 1 Kg,Chef mimo,102.50 EGP,https://cdnprod.mafretailproxy.com/sys-master-root/h26/h28/16764633284638/570081_main.jpg_200Wx200H,Egypt
Chicketita Chicken Nuggets - 1 kg,Chicketita,119.95 EGP,https://cdnprod.mafretailproxy.com/sys-master-root/hbf/h6d/30871977623582/534738_main.jpg_200Wx200H,Egypt
Al Marai Minced Meat - 300 gram,Almarai,93.35 EGP,https://cdnprod.mafretailproxy.com/sys-master-root/hed/hf7/15054964260894/11517_main.jpg_200Wx200H,Egypt
Chicketita Beef Kofta - 900 gram,Chicketita,131.60 EGP,https://cdnprod.mafretailproxy.com/sys-master-root/h2b/hc7/29401383370782/585168_main.jpg_200Wx200H,Egypt
Almarai Coarse Cut Minced Meat - 700 gm,Almarai,233.10 EGP,https://cdnprod.mafretailproxy.com/sys-master-root/hec/h1f/9802649534494/162431_main.jpg_200Wx200H,Egypt
Halwani Bros Chicken Strips - 400 gram,Halwani bros,117.20 EGP,https://cdnprod.mafretailproxy.com/sys-master-root/ha4/h57/9802365304862/448504_main.jpg_200Wx200H,Egypt
Chicketita Jumbo Beef Burger - 1.5 Kg,Chicketita,220.35 EGP,https://cdnprod.mafretailproxy.com/sys-master-root/ha6/hd4/9286777176094/480558_main.jpg_200Wx200H,Egypt
Farm Fresh Peas And  Carrots - 400g Gram,Farm fresh,15.00 EGP,https://cdnprod.mafretailproxy.com/sys-master-root/hd5/h7e/14623585009694/310898_main.jpg_200Wx200H,Egypt
Givrex Mix Vegetables For Soup - 400 Gram,Givrex,16.95 EGP,https://cdnprod.mafretailproxy.com/sys-master-root/h4d/h50/14623647596574/12160_main.jpg_200Wx200H,Egypt
Fresh Super Jumbo Quail - 2 Pieces,Fresh,91.15 EGP,https://cdnprod.mafretailproxy.com/sys-master-root/h58/h15/15337682108446/494580_main.jpg_200Wx200H,Egypt
Givrex Mixed Vegetables - 400 Gram,Givrex,16.95 EGP,https://cdnprod.mafretailproxy.com/sys-master-root/h44/h91/14623551160350/12159_main.jpg_200Wx200H,Egypt
Basma Frozen Whole Strawberry - 400 gram,Basma,13.45 EGP,https://cdnprod.mafretailproxy.com/sys-master-root/hc3/h05/14818564440094/11660_main.jpg_200Wx200H,Egypt
Halwani Bros Chicken Pane - 400 gram,Halwani bros,103.05 EGP,https://cdnprod.mafretailproxy.com/sys-master-root/h3f/h90/9802651992094/38056_main.jpg_200Wx200H,Egypt
Meatland Beef Burger - 25 Pieces,Meatland,131.95 EGP,https://cdnprod.mafretailproxy.com/sys-master-root/h7d/h4b/15085632323614/366476_main.jpg_200Wx200H,Egypt
Temry Chicken Strips Spicy - 400gm,Unknown,109.00 EGP,https://cdnprod.mafretailproxy.com/sys-master-root/hb3/h9b/49521994956830/200Wx200H_606986_main.jpg,Egypt
Halwani Bros Crunchy Spicy Chicken Strips - 400 gram,Halwani bros,117.20 EGP,https://cdnprod.mafretailproxy.com/sys-master-root/h68/h37/14773448015902/448251_main.jpg_200Wx200H,Egypt
Sea Star Smoked Salmon - 100 Gram,Sea star,215.75 EGP,https://cdnprod.mafretailproxy.com/sys-master-root/h51/h45/14623553224734/230948_main.jpg_200Wx200H,Egypt
Shahd Whole Chicken - 900-950 gram,Shahd,132.60 EGP,https://cdnprod.mafretailproxy.com/sys-master-root/h9c/h94/50736395223070/200Wx200H_226633_main.jpg,Egypt
Chtaura Golash - 350 gram,Chtoora,22.75 EGP,https://cdnprod.mafretailproxy.com/sys-master-root/hc9/hea/26947181510686/568537_main.jpg_200Wx200H,Egypt
Basma Frozen White Beans - 400 gram,Basma,20.95 EGP,https://cdnprod.mafretailproxy.com/sys-master-root/h9e/h44/47992464998430/200Wx200H_588533_main.jpg,Egypt
Chicketita Spicy Chicken Pane - 400 gram,Chicketita,60.75 EGP,https://cdnprod.mafretailproxy.com/sys-master-root/ha5/h01/26549677817886/534730_main.jpg_200Wx200H,Egypt
Chicketita Beef Hotdog - 25 Pieces,Chicketita,124.95 EGP,https://cdnprod.mafretailproxy.com/sys-master-root/h31/hc8/29401374031902/585170_main.jpg_200Wx200H,Egypt
Sea Star Smoked Salmon - 200 gram,Sea star,329.95 EGP,https://cdnprod.mafretailproxy.com/sys-master-root/h40/h7b/9286503170078/230950_main.jpg_200Wx200H,Egypt
Faraza Chicken Fillet - 900 gram,Unknown,245.85 EGP,https://cdnprod.mafretailproxy.com/sys-master-root/h0a/ha5/45710411137054/200Wx200H_600873_main.jpg,Egypt
Nouri Crunchy Chicken Fillet - 420 gram,Unknown,97.90 EGP,https://cdnprod.mafretailproxy.com/sys-master-root/h3c/h02/45710394720286/200Wx200H_600855_main.jpg,Egypt
"Chicketita Fried Chicken, Spicy - 12 Pieces",Chicketita,151.00 EGP,https://cdnprod.mafretailproxy.com/sys-master-root/h2f/ha9/9802654842910/450683_main.jpg_200Wx200H,Egypt
Farm Fresh Artichoke - 400gm,Farm fresh,47.95 EGP,https://cdnprod.mafretailproxy.com/sys-master-root/h26/h9f/34566784974878/12689_main.jpg_200Wx200H,Egypt
Halwani Chicken Drumsticks - 700gm,Halwani bros,142.75 EGP,https://cdnprod.mafretailproxy.com/sys-master-root/h92/hc8/9802031398942/448256_main.jpg_200Wx200H,Egypt
Halwani Bros Chicken Kiev - 400 gram,Halwani bros,140.70 EGP,https://cdnprod.mafretailproxy.com/sys-master-root/he1/hb0/14773473804318/496099_main.jpg_200Wx200H,Egypt
Halwani Bros Chicken Fingers - 400 gram,Halwani bros,105.55 EGP,https://cdnprod.mafretailproxy.com/sys-master-root/h22/h1d/14773447688222/448252_main.jpg_200Wx200H,Egypt
Farm Fresh Okra Zero - 400 Gram,Farm fresh,25.00 EGP,https://cdnprod.mafretailproxy.com/sys-master-root/haa/h50/34566785171486/310894_main.jpg_200Wx200H,Egypt
Bosphorus Frozen Peeled Shrimps - Size 10/20 - 400 gram,Bosfor,324.00 EGP,https://cdnprod.mafretailproxy.com/sys-master-root/h40/h2b/14623781027870/530030_main.jpg_200Wx200H,Egypt
Shahd Spicy Chicken Strips - 400 gram,Shahd,105.05 EGP,https://cdnprod.mafretailproxy.com/sys-master-root/hb8/h83/50270987747358/200Wx200H_554961_main.jpg,Egypt
Shahd Fresh Chicken Fillet - 400 gram,Shahd,99.95 EGP,https://cdnprod.mafretailproxy.com/sys-master-root/h52/h7d/50270987583518/200Wx200H_555154_main.jpg,Egypt
Farm Fresh Green Beans  - 400  Gram,Farm fresh,10.50 EGP,https://cdnprod.mafretailproxy.com/sys-master-root/h0e/h16/34674363727902/493437_main.jpg_200Wx200H,Egypt
Montana Mixed Vegetables - 400 gram,Montana,13.95 EGP,https://cdnprod.mafretailproxy.com/sys-master-root/h8d/h19/14623557091358/12492_main.jpg_200Wx200H,Egypt
Faraza Whole Chicken - 1200-1300 gram,Unknown,176.50 EGP,https://cdnprod.mafretailproxy.com/sys-master-root/h08/h15/45710409662494/200Wx200H_600871_main.jpg,Egypt
Basma Sweet Corn - 400 gram,Basma,39.95 EGP,https://cdnprod.mafretailproxy.com/sys-master-root/hff/h94/49845056176158/200Wx200H_602597_main.jpg,Egypt
Halwani Bros Chicken Pane Spicy - 400 gram,Halwani bros,103.05 EGP,https://cdnprod.mafretailproxy.com/sys-master-root/h31/h28/14773442805790/311842_main.jpg_200Wx200H,Egypt
Meatland Oriental Sausage - 850 gm,Meatland,137.45 EGP,https://cdnprod.mafretailproxy.com/sys-master-root/hdf/ha0/9286831374366/366481_main.jpg_200Wx200H,Egypt
Bosphorus White Fillet Fish 1 kg,Bosfor,225.95 EGP,https://cdnprod.mafretailproxy.com/sys-master-root/h76/h4c/14854261211166/535046_main.jpg_200Wx200H,Egypt
Bosphorus Frozen Peeled Shrimps - Size 40/60 - 400 gram,Bosfor,273.50 EGP,https://cdnprod.mafretailproxy.com/sys-master-root/hcb/h0a/14624044613662/530033_main.jpg_200Wx200H,Egypt
Farm Fresh Okra Fine - 400 Gram,Farm fresh,11.75 EGP,https://cdnprod.mafretailproxy.com/sys-master-root/h44/h4a/34566785335326/310895_main.jpg_200Wx200H,Egypt
Bosphorus Frozen Peeled Shrimps - Size 30/40 - 400 gram,Bosfor,219.95 EGP,https://cdnprod.mafretailproxy.com/sys-master-root/hed/h7e/14623776636958/530032_main.jpg_200Wx200H,Egypt
Montana Frozen Okra - 400 Gram,Montana,8.75 EGP,https://cdnprod.mafretailproxy.com/sys-master-root/h02/hba/17157282594846/12483_main.jpg_200Wx200H,Egypt
Bosphorus Frozen Peeled Shrimps - Size 20/30 - 400 gram,Bosfor,303.50 EGP,https://cdnprod.mafretailproxy.com/sys-master-root/h15/h86/14623776407582/530031_main.jpg_200Wx200H,Egypt
Halwani Bros Chicken Pizza - 400 gram,Halwani bros,140.70 EGP,https://cdnprod.mafretailproxy.com/sys-master-root/h4c/hf0/14773521612830/496100_main.jpg_200Wx200H,Egypt
Chef M Sambousek Pastry - 800gm - Pack of 1+1,Chef mimo,46.45 EGP,https://cdnprod.mafretailproxy.com/sys-master-root/ha2/hc8/9347183804446/151959_main.jpg_200Wx200H,Egypt
Three Chefs Hot Dog - 13 Pieces -1Kg,3 Chefs,226.45 EGP,https://cdnprod.mafretailproxy.com/sys-master-root/h64/h39/50947257499678/200Wx200H_542548_main.jpg,Egypt
Farm Fresh Mixed Vegetables - 400 Gram,Farm fresh,11.50 EGP,https://cdnprod.mafretailproxy.com/sys-master-root/ha8/h0f/34674363564062/310899_main.jpg_200Wx200H,Egypt
Halwani Bros Meat Sambousek - 400 gram,Halwani bros,91.75 EGP,https://cdnprod.mafretailproxy.com/sys-master-root/hde/h52/14623553617950/38053_main.jpg_200Wx200H,Egypt
Al Zahar Golash - 350 gram,Al Zahar,22.45 EGP,https://cdnprod.mafretailproxy.com/sys-master-root/h25/h04/48865591164958/200Wx200H_597460_main.jpg,Egypt
Givrex Frozen Okra Large - 400 Gram,Givrex,15.25 EGP,https://cdnprod.mafretailproxy.com/sys-master-root/h63/hdd/14623563612190/471807_main.jpg_200Wx200H,Egypt
Halwani Grilled Chicken Fillet - 400 gram,Halwani bros,175.90 EGP,https://cdnprod.mafretailproxy.com/sys-master-root/h3a/h62/9286794608670/458735_main.jpg_200Wx200H,Egypt
Farm Fresh Okra Extra - 400 Gram,Farm fresh,29.50 EGP,https://cdnprod.mafretailproxy.com/sys-master-root/h37/h1a/34674363891742/493436_main.jpg_200Wx200H,Egypt
Chtaura Sambousek Sheets - 350 gram,Chtoora,27.05 EGP,https://cdnprod.mafretailproxy.com/sys-master-root/h45/hf5/26947181838366/568538_main.jpg_200Wx200H,Egypt
3 Chef Mimos Pizza - Margherita + Pastrami + Sausage - 400 gram,Chef mimo,60.20 EGP,https://cdnprod.mafretailproxy.com/sys-master-root/h86/ha8/14390686253086/167629_main.jpg_200Wx200H,Egypt
Halwani Bros Shish Tawook - 400 gram,Halwani bros,150.90 EGP,https://cdnprod.mafretailproxy.com/sys-master-root/had/h0d/14623586254878/311844_main.jpg_200Wx200H,Egypt
Shahd Spicy Chicken Fillet - 400 gram,Shahd,99.95 EGP,https://cdnprod.mafretailproxy.com/sys-master-root/h06/ha9/50270989713438/200Wx200H_554957_main.jpg,Egypt
Givrex Frozen Strawberry - 400 gram,Givrex,18.60 EGP,https://cdnprod.mafretailproxy.com/sys-master-root/hfb/h76/14818544910366/381459_main.jpg_200Wx200H,Egypt
Marina Large Shrimp - 400 gram,Marina,191.95 EGP,https://cdnprod.mafretailproxy.com/sys-master-root/hae/hce/27840628686878/571629_main.jpg_200Wx200H,Egypt
"Chef M Pizza Margherita, 400 gm - Pack of 2+1",Chef mimo,60.20 EGP,https://cdnprod.mafretailproxy.com/sys-master-root/h42/h8a/9801300049950/56271_main.jpg_200Wx200H,Egypt
Halwani Spicy Chicken Drumsticks - 700gm,Halwani bros,142.75 EGP,https://cdnprod.mafretailproxy.com/sys-master-root/h2b/h88/9693307142174/448257_main.jpg_200Wx200H,Egypt
Three Chefs Chicken Nuggets - 400 gram,3 Chefs,95.40 EGP,https://cdnprod.mafretailproxy.com/sys-master-root/h80/h32/16764523315230/76504_main.jpg_200Wx200H,Egypt
Halwani Bros Chicken Hot Shots - 400 gram,Halwani bros,117.20 EGP,https://cdnprod.mafretailproxy.com/sys-master-root/hf7/h41/14773448343582/448253_main.jpg_200Wx200H,Egypt
Al Zahar Extra Fillo - 500 gram,Al Zahar,30.60 EGP,https://cdnprod.mafretailproxy.com/sys-master-root/hf3/h7a/48865592508446/200Wx200H_597466_main.jpg,Egypt
Wadi Food Whole Chicken - 1 Kg,Wadi Food,127.50 EGP,https://cdnprod.mafretailproxy.com/sys-master-root/hac/h44/12784126754846/537848_main.jpg_200Wx200H,Egypt
Chicketita Chicken Wings - 700 gm,Chicketita,81.55 EGP,https://cdnprod.mafretailproxy.com/sys-master-root/h8d/hb6/9347243999262/450676_main.jpg_200Wx200H,Egypt
Supreme Cheese Sambousek - 350 gram,Unknown,42.95 EGP,https://cdnprod.mafretailproxy.com/sys-master-root/h31/hd3/27008822738974/566311_main.jpg_200Wx200H,Egypt
Meatland Beef Hot Dog - 25 Count,Meatland,139.45 EGP,https://cdnprod.mafretailproxy.com/sys-master-root/h38/h90/14773444018206/366485_main.jpg_200Wx200H,Egypt
Swiss Choice Frankfurter Beef Sausage - 1 Kg,Swiss choice,197.40 EGP,https://cdnprod.mafretailproxy.com/sys-master-root/h74/hbd/13012599504926/537760_main.jpg_200Wx200H,Egypt
Bosphorus Frozen Peeled Shrimps - Size 80/120 - 400 gram,Bosfor,239.70 EGP,https://cdnprod.mafretailproxy.com/sys-master-root/h7b/h8c/14623776243742/530034_main.jpg_200Wx200H,Egypt
Supreme Meat Sambousek - 300 gram,Unknown,39.95 EGP,https://cdnprod.mafretailproxy.com/sys-master-root/h25/h7a/27008823263262/566310_main.jpg_200Wx200H,Egypt
Montana Mixed Vegetables - 400 Gram,Montana,16.60 EGP,https://cdnprod.mafretailproxy.com/sys-master-root/hd7/h59/14623558336542/12484_main.jpg_200Wx200H,Egypt
Roasty Hot Crunchy Chicken Pane - 900gm,Roasty,111.20 EGP,https://cdnprod.mafretailproxy.com/sys-master-root/h3e/h51/9802365141022/466270_main.jpg_200Wx200H,Egypt
Three Chefs Green Beans - 400 gram,3 Chefs,14.55 EGP,https://cdnprod.mafretailproxy.com/sys-master-root/hd9/h4e/27954591760414/581195_main.jpg_200Wx200H,Egypt
Three Chefs Minced Molokhia - 400 gram,3 Chefs,14.95 EGP,https://cdnprod.mafretailproxy.com/sys-master-root/hbc/h1a/27954592743454/581194_main.jpg_200Wx200H,Egypt
Givrex Peeled Broad Green Beans - 400 Gram,Givrex,22.95 EGP,https://cdnprod.mafretailproxy.com/sys-master-root/ha9/h05/34146546581534/12165_main.jpg_200Wx200H,Egypt
Swiss Choice Smoked Salmon - 200 Gram,Swiss choice,450.85 EGP,https://cdnprod.mafretailproxy.com/sys-master-root/h67/h49/14623553388574/230947_main.jpg_200Wx200H,Egypt
Three Chefs Oriental Sausages - 350 gram,3 Chefs,105.60 EGP,https://cdnprod.mafretailproxy.com/sys-master-root/hbc/hc6/27056029597726/575831_main.jpg_200Wx200H,Egypt
Chicketita Beef Hotdog - 12 Pieces,Chicketita,124.95 EGP,https://cdnprod.mafretailproxy.com/sys-master-root/h76/h09/29401377177630/585169_main.jpg_200Wx200H,Egypt
Roasty Chicken Pane - 750 gram,Roasty,84.95 EGP,https://cdnprod.mafretailproxy.com/sys-master-root/hef/h28/14773480095774/422667_main.jpg_200Wx200H,Egypt
Halwani Bros Chicken Pops Crunchy - 400 gram,Halwani bros,115.30 EGP,https://cdnprod.mafretailproxy.com/sys-master-root/hfe/h32/14773471379486/510659_main.jpg_200Wx200H,Egypt
Fresh Seafood Mix - 400 Gram,Fresh,83.70 EGP,https://cdnprod.mafretailproxy.com/sys-master-root/hf6/h49/14623626657822/494575_main.jpg_200Wx200H,Egypt
Supreme Falafel - 400 gram,Unknown,28.95 EGP,https://cdnprod.mafretailproxy.com/sys-master-root/hea/hda/27008818806814/566314_main.jpg_200Wx200H,Egypt
Green House Mixed vegetables Tourly - 400 Gram,Greeny,15.85 EGP,https://cdnprod.mafretailproxy.com/sys-master-root/h20/h4a/17454726479902/556499_main.jpg_200Wx200H,Egypt
Montana Vegetables Soup - 400 gram,Montana,16.70 EGP,https://cdnprod.mafretailproxy.com/sys-master-root/h5e/h92/14373093736478/12498_main.jpg_200Wx200H,Egypt
Almarai Beef Burger - 1.5 kg,Almarai,371.80 EGP,https://cdnprod.mafretailproxy.com/sys-master-root/h90/ha3/15055090712606/557453_main.jpg_200Wx200H,Egypt
Nouri Hot Dog - 12 Pieces,Unknown,105.50 EGP,https://cdnprod.mafretailproxy.com/sys-master-root/hb3/h6a/49975201857566/200Wx200H_612424_main.jpg,Egypt
Swiss Choice Beef Hot Dog - 1 Kg,Swiss choice,197.40 EGP,https://cdnprod.mafretailproxy.com/sys-master-root/h1b/hdd/14895240511518/532286_main.jpg_200Wx200H,Egypt
Montana Frozen Green Beans - 400 gram,Montana,11.95 EGP,https://cdnprod.mafretailproxy.com/sys-master-root/hdb/h10/14818543075358/12488_main.jpg_200Wx200H,Egypt
Chef M Golash - 350gm,Chef mimo,29.60 EGP,https://cdnprod.mafretailproxy.com/sys-master-root/h68/h29/9286478594078/36586_main.jpg_200Wx200H,Egypt
Italian Food Sambousak Dough - 400 Gram,Chef mimo,32.15 EGP,https://cdnprod.mafretailproxy.com/sys-master-root/h37/h02/14390722363422/542013_main.jpg_200Wx200H,Egypt
Supreme Chicken Spring Rolls - 300 gram,Unknown,59.95 EGP,https://cdnprod.mafretailproxy.com/sys-master-root/h4a/hc8/27008819462174/566308_main.jpg_200Wx200H,Egypt
Givrex Artichoke Heart - 400 Gram,Givrex,51.00 EGP,https://cdnprod.mafretailproxy.com/sys-master-root/hd7/h70/13170913050654/12158_main.jpg_200Wx200H,Egypt
Meatland Beef Kofta - 350 gm,Meatland,48.45 EGP,https://cdnprod.mafretailproxy.com/sys-master-root/h8c/h00/9286839894046/366478_main.jpg_200Wx200H,Egypt
Green House Okra - Zero - 400 gram,Unknown,37.50 EGP,https://cdnprod.mafretailproxy.com/sys-master-root/h1a/h58/14240594624542/556493_main.jpg_200Wx200H,Egypt
Bosphorus Seafood + Dressing 450G,Bosfor,178.00 EGP,https://cdnprod.mafretailproxy.com/sys-master-root/hee/h11/14623777718302/530037_main.jpg_200Wx200H,Egypt
Givrex Brocoli - 400 Gram,Givrex,19.35 EGP,https://cdnprod.mafretailproxy.com/sys-master-root/hc1/h8e/27308770852894/36566_6.jpg_200Wx200H,Egypt
Roasty Chicken Pane - 500 gm,Roasty,62.35 EGP,https://cdnprod.mafretailproxy.com/sys-master-root/hd4/hc7/10068325629982/477488_main.jpg_200Wx200H,Egypt
Meatland Chicken Pane - 1Kg,Meatland,132.60 EGP,https://cdnprod.mafretailproxy.com/sys-master-root/hd6/hea/9286984335390/480002_main.jpg_200Wx200H,Egypt
Supreme Rondelle Potatoes - 350 gram,Unknown,42.95 EGP,https://cdnprod.mafretailproxy.com/sys-master-root/hce/hbd/27008819789854/566307_main.jpg_200Wx200H,Egypt
Qutoof Mixed Vegetables - 400 gram,Unknown,12.45 EGP,https://cdnprod.mafretailproxy.com/sys-master-root/h31/h8a/50270987911198/200Wx200H_565254_main.jpg,Egypt
Three Chefs Spicy Chicken Pane - 400 gram,3 Chefs,94.35 EGP,https://cdnprod.mafretailproxy.com/sys-master-root/h66/haa/16764524757022/538060_main.jpg_200Wx200H,Egypt
Three Chefs Mixed Vegetable - 400 gram,3 Chefs,15.85 EGP,https://cdnprod.mafretailproxy.com/sys-master-root/h8e/hd6/27954594054174/581196_main.jpg_200Wx200H,Egypt
Montana Frozen Strawberry - 400 gram,Montana,19.75 EGP,https://cdnprod.mafretailproxy.com/sys-master-root/ha0/hb6/14854270386206/12495_main.jpg_200Wx200H,Egypt
Three Chefs Fried Chicken - 12 Pieces + Fries,3 Chefs,188.70 EGP,https://cdnprod.mafretailproxy.com/sys-master-root/hd2/h88/16764526559262/538094_main.jpg_200Wx200H,Egypt
Roasty Chicken Pane - 350 gram,Roasty,53.55 EGP,https://cdnprod.mafretailproxy.com/sys-master-root/h4d/h5e/9802030350366/386043_main.jpg_200Wx200H,Egypt
Shahrazad Spinach - 400 gram,Shahrzad,11.75 EGP,https://cdnprod.mafretailproxy.com/sys-master-root/h0f/hd4/32903429357598/530839_main.jpg_200Wx200H,Egypt
Green House Mixed Vegetables - 400 gram,Unknown,16.30 EGP,https://cdnprod.mafretailproxy.com/sys-master-root/h93/h1b/14240527581214/556497_main.jpg_200Wx200H,Egypt
Shahrazad Mixed Vegetables - 400 Gm,Shahrzad,13.80 EGP,https://cdnprod.mafretailproxy.com/sys-master-root/h1b/h7b/10778902888478/530833_main.jpg_200Wx200H,Egypt
Montana Colcasia - 400 gm,Montana,13.25 EGP,https://cdnprod.mafretailproxy.com/sys-master-root/hc4/h0d/9286554615838/12491_main.jpg_200Wx200H,Egypt
Reviola Hot Dog Rolls - 320 Gram,Unknown,84.10 EGP,https://cdnprod.mafretailproxy.com/sys-master-root/h3b/h6a/16676427104286/558164_main.jpg_200Wx200H,Egypt
Reviola Onion Rings - 300 gram,Unknown,72.90 EGP,https://cdnprod.mafretailproxy.com/sys-master-root/hf4/h02/16676428087326/558160_main.jpg_200Wx200H,Egypt
Halwani Spicy Chicken Wings - 700 gram,Halwani bros,103.05 EGP,https://cdnprod.mafretailproxy.com/sys-master-root/hc3/h82/9802363109406/448255_main.jpg_200Wx200H,Egypt
"Chef M Mixed Cheese Samboussk, 200 gm - Pack of 2+1",Chef mimo,56.10 EGP,https://cdnprod.mafretailproxy.com/sys-master-root/hb7/he8/9802370383902/87901_main.jpg_200Wx200H,Egypt
Reviola Cheese Sambusak - 350 Gram,Unknown,67.30 EGP,https://cdnprod.mafretailproxy.com/sys-master-root/h7a/h14/16676428742686/558167_main.jpg_200Wx200H,Egypt
Montana Frozen Artichokes - 400 Gram,Montana,54.60 EGP,https://cdnprod.mafretailproxy.com/sys-master-root/h47/h21/14623552307230/287396_main.jpg_200Wx200H,Egypt
Montana Okra Extra - 400 gram,Montana,34.95 EGP,https://cdnprod.mafretailproxy.com/sys-master-root/h9e/h04/14623557943326/12479_main.jpg_200Wx200H,Egypt
Bosphorus Frozen Peeled Shrimps - Size 60/80 - 400 gram,Bosfor,256.05 EGP,https://cdnprod.mafretailproxy.com/sys-master-root/hff/hd8/15396831232030/544448_main.jpg_200Wx200H,Egypt
Supreme Cheese Spring Rolls - 350 gram,Unknown,52.95 EGP,https://cdnprod.mafretailproxy.com/sys-master-root/h0b/hce/27008818479134/566313_main.jpg_200Wx200H,Egypt
Bosphorus Seafood - 450 gram,Bosfor,122.95 EGP,https://cdnprod.mafretailproxy.com/sys-master-root/hba/h5a/48590348550174/200Wx200H_530036_main.jpg,Egypt
Qutoof Frozen Molokhia - 400 gram,Unknown,12.00 EGP,https://cdnprod.mafretailproxy.com/sys-master-root/he9/he6/50270988566558/200Wx200H_565250_main.jpg,Egypt
Shahrazad Green Beans - 400 Gram,Shahrzad,13.25 EGP,https://cdnprod.mafretailproxy.com/sys-master-root/ha3/h30/49386848649246/200Wx200H_530835_main.jpg,Egypt
Chtaura Lebanese Kibbeh - 500 gram,Chtoora,85.20 EGP,https://cdnprod.mafretailproxy.com/sys-master-root/h51/h45/17366126526494/568523_main.jpg_200Wx200H,Egypt
Green House Okra Fine - 400 gram,Unknown,20.15 EGP,https://cdnprod.mafretailproxy.com/sys-master-root/h94/h9f/14597182259230/556494_main.jpg_200Wx200H,Egypt
Reviola Rondelle Potatoes - 350 gram,Unknown,61.70 EGP,https://cdnprod.mafretailproxy.com/sys-master-root/hc6/hbe/16676426776606/558162_main.jpg_200Wx200H,Egypt
Great Foods Filo Pastry Leaves - 350 gram,Unknown,18.90 EGP,https://cdnprod.mafretailproxy.com/sys-master-root/h91/hbb/50385834082334/200Wx200H_610631_main.jpg,Egypt
Ocean Bites Red Fillet Basa - 1 Kg,Unknown,144.95 EGP,https://cdnprod.mafretailproxy.com/sys-master-root/hd5/h9e/33952209076254/541302_main.jpg_200Wx200H,Egypt
Roasty Chicken Panne - 1 Kg,Roasty,138.25 EGP,https://cdnprod.mafretailproxy.com/sys-master-root/hb6/h61/48662258450462/200Wx200H_381449_main.jpg,Egypt
Green House Vegetables Soup - 400 gram,Unknown,17.85 EGP,https://cdnprod.mafretailproxy.com/sys-master-root/h23/h26/14240527253534/556506_main.jpg_200Wx200H,Egypt
REVIOLA VEGGIE SPRING ROLLS350G,Unknown,65.05 EGP,https://cdnprod.mafretailproxy.com/sys-master-root/h32/h71/16676429398046/558165_main.jpg_200Wx200H,Egypt
Montana Cauliflower - 400 Gram,Montana,11.50 EGP,https://cdnprod.mafretailproxy.com/sys-master-root/h16/h10/14623557320734/12493_main.jpg_200Wx200H,Egypt
Swiss Choice Beef Hot Dog - 400 gram,Swiss choice,120.40 EGP,https://cdnprod.mafretailproxy.com/sys-master-root/h6b/h46/14773435891742/176791_main.jpg_200Wx200H,Egypt
Three Chefs Spicy Fried Chicken - 12 Pieces + Fries,3 Chefs,188.70 EGP,https://cdnprod.mafretailproxy.com/sys-master-root/hcf/h39/16764528066590/538095_main.jpg_200Wx200H,Egypt
Shahrazad Vegetables Soup - 400 gram,Shahrzad,13.25 EGP,https://cdnprod.mafretailproxy.com/sys-master-root/h53/h18/32903430209566/530841_main.jpg_200Wx200H,Egypt
Green House Peas - 400 gram,Unknown,41.80 EGP,https://cdnprod.mafretailproxy.com/sys-master-root/h36/hd0/14240596787230/556495_main.jpg_200Wx200H,Egypt
Shahrazad Strawberry - 400 gram,Shahrzad,15.85 EGP,https://cdnprod.mafretailproxy.com/sys-master-root/h3c/hd0/33148111355934/592970_main.jpg_200Wx200H,Egypt
Nouri Chicken Burger Spicy - 6 Pieces,Unknown,69.95 EGP,https://cdnprod.mafretailproxy.com/sys-master-root/h9d/h16/50270994792478/200Wx200H_612422_main.jpg,Egypt
Chif Mimo Spring Rolls Pastry - 1Kg,Chef mimo,53.05 EGP,https://cdnprod.mafretailproxy.com/sys-master-root/h26/hbc/14390754443294/67703_main.jpg_200Wx200H,Egypt
Ocean Bites White Fillet Basa - 1 Kg,Unknown,155.95 EGP,https://cdnprod.mafretailproxy.com/sys-master-root/h55/hb9/33915969470494/541301_main.jpg_200Wx200H,Egypt
Roasty Chicken Fingers - 350 gram,Roasty,54.10 EGP,https://cdnprod.mafretailproxy.com/sys-master-root/hdb/h85/14773483634718/495633_main.jpg_200Wx200H,Egypt
Chef Mimo Pizza with Pastrami - Small - 300 gram - 3 counts,Chef mimo,46.95 EGP,https://cdnprod.mafretailproxy.com/sys-master-root/hb3/hc9/14390754050078/87913_main.jpg_200Wx200H,Egypt
Roasty Spicy Chicken Fingers - 350 gram,Roasty,54.10 EGP,https://cdnprod.mafretailproxy.com/sys-master-root/h8f/h58/10069734129694/495634_main.jpg_200Wx200H,Egypt
Supreme Golash - 400 gram,Unknown,16.95 EGP,https://cdnprod.mafretailproxy.com/sys-master-root/h68/hc3/50385835720734/200Wx200H_603226_main.jpg,Egypt
Shahrazad Cauliflower - 400 gram,Shahrzad,12.25 EGP,https://cdnprod.mafretailproxy.com/sys-master-root/h59/h0d/32903430570014/530837_main.jpg_200Wx200H,Egypt
Green House Okra Extra - 400 gram,Unknown,47.45 EGP,https://cdnprod.mafretailproxy.com/sys-master-root/hc5/he8/14240525746206/556492_main.jpg_200Wx200H,Egypt
Swiss Choice Cheese Beef Sausage - 400 gram,Swiss choice,120.40 EGP,https://cdnprod.mafretailproxy.com/sys-master-root/h97/h2e/14773442641950/226537_main.jpg_200Wx200H,Egypt
Al Zahar Spring Roll - 300 gram,Al Zahar,32.65 EGP,https://cdnprod.mafretailproxy.com/sys-master-root/h8c/h0a/48865591328798/200Wx200H_597464_main.jpg,Egypt
Roasty Spicy Chicken Strips - 350 gram,Roasty,82.65 EGP,https://cdnprod.mafretailproxy.com/sys-master-root/h54/h21/15337661071390/446170_main.jpg_200Wx200H,Egypt
Shahrazad Artichoke - 400 gram,Shahrzad,58.85 EGP,https://cdnprod.mafretailproxy.com/sys-master-root/h05/h83/48662264086558/200Wx200H_530836_main.jpg,Egypt
Marina Small Shrimp - 400 gram,Marina,200.45 EGP,https://cdnprod.mafretailproxy.com/sys-master-root/h23/h7a/27840629014558/571631_main.jpg_200Wx200H,Egypt
Shahd Chicken Drumsticks - 700 gram,Shahd,139.25 EGP,https://cdnprod.mafretailproxy.com/sys-master-root/hf3/hd5/50270988075038/200Wx200H_561136_main.jpg,Egypt
Three Chefs Okra Zero - 400 gram,3 Chefs,39.80 EGP,https://cdnprod.mafretailproxy.com/sys-master-root/hf2/hdb/50311407173662/200Wx200H_592962_main.jpg,Egypt
Roasty Spicy Chicken Pane - 500 gram,Roasty,62.35 EGP,https://cdnprod.mafretailproxy.com/sys-master-root/hbb/hfe/14773490221086/477489_main.jpg_200Wx200H,Egypt
Reviola Vine Leaves with Meat - 500 gram,Unknown,84.10 EGP,https://cdnprod.mafretailproxy.com/sys-master-root/haf/h50/44985857376286/200Wx200H_599830_main.jpg,Egypt
Chtaura Lebanese Cheese Sambousak - 350 Gram,Chtoora,56.40 EGP,https://cdnprod.mafretailproxy.com/sys-master-root/h9a/h98/17366132359198/568525_main.jpg_200Wx200H,Egypt
Chif Mimo Puff Pastry - 400 Gram - 3 Packs,Chef mimo,61.75 EGP,https://cdnprod.mafretailproxy.com/sys-master-root/hd0/h4e/14390755557406/87907_main.jpg_200Wx200H,Egypt
Three Chefs Okra Extra - 400 gram,3 Chefs,47.95 EGP,https://cdnprod.mafretailproxy.com/sys-master-root/h1a/hd3/48662292660254/200Wx200H_592963_main.jpg,Egypt
Chtaura Meat Sambousak - 320 Gram,Chtoora,65.30 EGP,https://cdnprod.mafretailproxy.com/sys-master-root/he1/h4f/17366126854174/568526_main.jpg_200Wx200H,Egypt
SHAHRAZAD TARO 400G,Shahrzad,13.20 EGP,https://cdnprod.mafretailproxy.com/sys-master-root/h59/h63/46427526266910/200Wx200H_530840_main.jpg,Egypt
Chef M Puff Pastry Slices - 400gm - Pack of 1+1,Chef mimo,63.25 EGP,https://cdnprod.mafretailproxy.com/sys-master-root/hcb/h73/9347009347614/151961_main.jpg_200Wx200H,Egypt
Chif Mimo Lasagnia Slices - 400 gram,Chef mimo,23.50 EGP,https://cdnprod.mafretailproxy.com/sys-master-root/hba/hae/31901186490398/77276_main.jpg_200Wx200H,Egypt
GREEN HOUSE ARTECHOK 400 G,Unknown,70.35 EGP,https://cdnprod.mafretailproxy.com/sys-master-root/h51/h53/48662269984798/200Wx200H_556501_main.jpg,Egypt
Farm Fresh Minced Spinach - 400 gram,Farm fresh,9.20 EGP,https://cdnprod.mafretailproxy.com/sys-master-root/h47/hd0/50385835393054/200Wx200H_605957_main.jpg,Egypt
Supreme Pizza Crust - 3 Pieces,Unknown,76.95 EGP,https://cdnprod.mafretailproxy.com/sys-master-root/h5e/h82/50385831034910/200Wx200H_603228_main.jpg,Egypt
Basma Grated Onion - 400 gram,Basma,18.35 EGP,https://cdnprod.mafretailproxy.com/sys-master-root/h57/h8a/50356895875102/200Wx200H_617147_main.jpg,Egypt
Supreme Cheddar Bites - 350 gram,Unknown,74.95 EGP,https://cdnprod.mafretailproxy.com/sys-master-root/h99/hd4/50385830707230/200Wx200H_603227_main.jpg,Egypt
Three Chefs Beef Burger - 1500gm,3 Chefs,351.80 EGP,https://cdnprod.mafretailproxy.com/sys-master-root/h76/he5/51053545324574/200Wx200H_606681_main.jpg,Egypt
Chief Mimo Pizza Base - 3 Pieces,Unknown,41.85 EGP,https://cdnprod.mafretailproxy.com/sys-master-root/h7f/hdb/51053540540446/200Wx200H_57671_main.jpg,Egypt
